pos, 0.14185106490048777, female_gender(aalexandrawinisky)
pos, 0.14185106490048777, female_gender(aalicjajachiewicz)
pos, 0.14185106490048777, female_gender(aangelahall)
pos, 0.14185106490048777, female_gender(aangelinasarova)
pos, 0.14185106490048777, female_gender(aannamariagherardi)
pos, 0.14185106490048777, female_gender(aannejacques)
pos, 0.14185106490048777, female_gender(aantoniettacarbonetti)
pos, 0.14185106490048777, female_gender(aarmelledeutsch)
pos, 0.14185106490048777, female_gender(aauroraquattrocchi)
pos, 0.14185106490048777, female_gender(abarbaratabita)
pos, 0.14185106490048777, female_gender(aberniemac)
pos, 0.14185106490048777, female_gender(abradpitt)
pos, 0.14185106490048777, female_gender(abrigittefossey)
pos, 0.14185106490048777, female_gender(abrnicebejo)
pos, 0.14185106490048777, female_gender(acaitlinoheaney)
pos, 0.14185106490048777, female_gender(acarolflorence)
pos, 0.14185106490048777, female_gender(acaseyaffleck)
pos, 0.14185106490048777, female_gender(acatherinezetajones)
pos, 0.14185106490048777, female_gender(accilecassel)
pos, 0.14185106490048777, female_gender(aceceliaannbirt)
pos, 0.14185106490048777, female_gender(acharlotterampling)
pos, 0.14185106490048777, female_gender(achelcieross)
pos, 0.14185106490048777, female_gender(aclaudiamessner)
pos, 0.14185106490048777, female_gender(acoralyzahonero)
pos, 0.14185106490048777, female_gender(acynthiastevenson)
pos, 0.14185106490048777, female_gender(adebraengle)
pos, 0.14185106490048777, female_gender(adinaconnolly)
pos, 0.14185106490048777, female_gender(adinamerrill)
pos, 0.14185106490048777, female_gender(adonatellafinocchiaro)
pos, 0.14185106490048777, female_gender(adorothymalone)
pos, 0.14185106490048777, female_gender(aeddasabatini)
pos, 0.14185106490048777, female_gender(aeddiejemison)
pos, 0.14185106490048777, female_gender(aellenthomas)
pos, 0.14185106490048777, female_gender(aelliottgould)
pos, 0.14185106490048777, female_gender(aemiliaradeva)
pos, 0.14185106490048777, female_gender(aestefanacastro)
pos, 0.14185106490048777, female_gender(afirminerichard)
pos, 0.14185106490048777, female_gender(afloramontgomery)
pos, 0.14185106490048777, female_gender(afrancishuster)
pos, 0.14185106490048777, female_gender(afrancomirabella)
pos, 0.14185106490048777, female_gender(afrankpatton)
pos, 0.14185106490048777, female_gender(afranoisechristophe)
pos, 0.14185106490048777, female_gender(agabrieleferzetti)
pos, 0.14185106490048777, female_gender(agabriellelazure)
pos, 0.14185106490048777, female_gender(ageorgeclooney)
pos, 0.14185106490048777, female_gender(agesinecukrowski)
pos, 0.14185106490048777, female_gender(aginachiarelli)
pos, 0.14185106490048777, female_gender(agretascacchi)
pos, 0.14185106490048777, female_gender(aileanarigano)
pos, 0.14185106490048777, female_gender(ajanchappell)
pos, 0.14185106490048777, female_gender(ajeannetripplehorn)
pos, 0.14185106490048777, female_gender(ajorgerhernandez)
pos, 0.14185106490048777, female_gender(ajuliaroberts)
pos, 0.14185106490048777, female_gender(ajuliedray)
pos, 0.14185106490048777, female_gender(ajurneesmollett)
pos, 0.14185106490048777, female_gender(ajuttawachowiak)
pos, 0.14185106490048777, female_gender(akarinthaler)
pos, 0.14185106490048777, female_gender(akonstanzebreitebner)
pos, 0.14185106490048777, female_gender(akunkabaeva)
pos, 0.14185106490048777, female_gender(alaurabetti)
pos, 0.14185106490048777, female_gender(aleahayres)
pos, 0.14185106490048777, female_gender(aleilanisarelle)
pos, 0.14185106490048777, female_gender(alorigalinski)
pos, 0.14185106490048777, female_gender(aluciacammalleri)
pos, 0.14185106490048777, female_gender(aluciasardo)
pos, 0.14185106490048777, female_gender(amanueladolcemascolo)
pos, 0.14185106490048777, female_gender(amarenschumacher)
pos, 0.14185106490048777, female_gender(amariashopova)
pos, 0.14185106490048777, female_gender(amarisaburger)
pos, 0.14185106490048777, female_gender(amarkgantt)
pos, 0.14185106490048777, female_gender(amarksangster)
pos, 0.14185106490048777, female_gender(aminianden)
pos, 0.14185106490048777, female_gender(anevenakokanova)
pos, 0.14185106490048777, female_gender(anicolegrimaudo)
pos, 0.14185106490048777, female_gender(apaolaciampi)
pos, 0.14185106490048777, female_gender(apaullnolan)
pos, 0.14185106490048777, female_gender(apenlopecruz)
pos, 0.14185106490048777, female_gender(apetyasilyanova)
pos, 0.14185106490048777, female_gender(apieradegliesposti)
pos, 0.14185106490048777, female_gender(aradarassimov)
pos, 0.14185106490048777, female_gender(araffaeladavi)
pos, 0.14185106490048777, female_gender(arenateschroeter)
pos, 0.14185106490048777, female_gender(arobyndouglass)
pos, 0.14185106490048777, female_gender(asamantharnier)
pos, 0.14185106490048777, female_gender(ascottcaan)
pos, 0.14185106490048777, female_gender(aserenaautieri)
pos, 0.14185106490048777, female_gender(asharonstone)
pos, 0.14185106490048777, female_gender(asheilapaterson)
pos, 0.14185106490048777, female_gender(asonyadjulgerova)
pos, 0.14185106490048777, female_gender(atheresascholze)
pos, 0.14185106490048777, female_gender(atimberrington)
pos, 0.14185106490048777, female_gender(atimothypaulperez)
pos, 0.14185106490048777, female_gender(atizianalodato)
pos, 0.14185106490048777, female_gender(avyarakovacheva)
pos, 0.14185106490048777, female_gender(awhoopigoldberg)
neg, 0.14185106490048777, female_gender(aalancpeterson)
neg, 0.14185106490048777, female_gender(aandreasschwaiger)
neg, 0.14185106490048777, female_gender(aandygarcia)
neg, 0.14185106490048777, female_gender(aanthonyheald)
neg, 0.14185106490048777, female_gender(aantoninobruschetta)
neg, 0.14185106490048777, female_gender(aantonradichev)
neg, 0.14185106490048777, female_gender(abenjaminmouton)
neg, 0.14185106490048777, female_gender(abenjohnson)
neg, 0.14185106490048777, female_gender(abiagiobarone)
neg, 0.14185106490048777, female_gender(abillcable)
neg, 0.14185106490048777, female_gender(abillyconnolly)
neg, 0.14185106490048777, female_gender(abogomilsimeonov)
neg, 0.14185106490048777, female_gender(abradpitt)
neg, 0.14185106490048777, female_gender(abrionjames)
neg, 0.14185106490048777, female_gender(abruceayoung)
neg, 0.14185106490048777, female_gender(acarmelogalati)
neg, 0.14185106490048777, female_gender(acaseyaffleck)
neg, 0.14185106490048777, female_gender(acesareapolito)
neg, 0.14185106490048777, female_gender(aconnorwiddows)
neg, 0.14185106490048777, female_gender(aconsuelolupo)
neg, 0.14185106490048777, female_gender(acorradofortuna)
neg, 0.14185106490048777, female_gender(adanielegalea)
neg, 0.14185106490048777, female_gender(adanielvonbargen)
neg, 0.14185106490048777, female_gender(adannflorek)
neg, 0.14185106490048777, female_gender(adavidarnett)
neg, 0.14185106490048777, female_gender(adavidmorrissey)
neg, 0.14185106490048777, female_gender(adavidsontag)
neg, 0.14185106490048777, female_gender(adavidthewlis)
neg, 0.14185106490048777, female_gender(adeanstockwell)
neg, 0.14185106490048777, female_gender(adenisarndt)
neg, 0.14185106490048777, female_gender(adenzelwashington)
neg, 0.14185106490048777, female_gender(adidierdijoux)
neg, 0.14185106490048777, female_gender(adietermann)
neg, 0.14185106490048777, female_gender(adillonmoen)
neg, 0.14185106490048777, female_gender(adimitarhadzhiyanev)
neg, 0.14185106490048777, female_gender(adontiffany)
neg, 0.14185106490048777, female_gender(aedkross)
neg, 0.14185106490048777, female_gender(aemilmarkov)
neg, 0.14185106490048777, female_gender(aenzodimartino)
neg, 0.14185106490048777, female_gender(afabiolobello)
neg, 0.14185106490048777, female_gender(afrankcturner)
neg, 0.14185106490048777, female_gender(afredward)
neg, 0.14185106490048777, female_gender(aganchoganchev)
neg, 0.14185106490048777, female_gender(ageorgeclooney)
neg, 0.14185106490048777, female_gender(ageorgedzundza)
neg, 0.14185106490048777, female_gender(ageorgistamatov)
neg, 0.14185106490048777, female_gender(agerdlohmeyer)
neg, 0.14185106490048777, female_gender(agiancarloscuderi)
neg, 0.14185106490048777, female_gender(agilbellows)
neg, 0.14185106490048777, female_gender(aguillaumeromain)
neg, 0.14185106490048777, female_gender(agusmercurio)
neg, 0.14185106490048777, female_gender(aheathcotewilliams)
neg, 0.14185106490048777, female_gender(ahorstkummeth)
neg, 0.14185106490048777, female_gender(ahristodinev)
neg, 0.14185106490048777, female_gender(ahubertmulzer)
neg, 0.14185106490048777, female_gender(ahughdancy)
neg, 0.14185106490048777, female_gender(ahughkeaysbyrne)
neg, 0.14185106490048777, female_gender(ahumecronyn)
neg, 0.14185106490048777, female_gender(aianholm)
neg, 0.14185106490048777, female_gender(aindiravarma)
neg, 0.14185106490048777, female_gender(aivanbratanov)
neg, 0.14185106490048777, female_gender(aivandimov)
neg, 0.14185106490048777, female_gender(aivangrigorov)
neg, 0.14185106490048777, female_gender(aivankondov)
neg, 0.14185106490048777, female_gender(aivantonev)
neg, 0.14185106490048777, female_gender(ajackmcgee)
neg, 0.14185106490048777, female_gender(ajaimzwoolvett)
neg, 0.14185106490048777, female_gender(ajamessikking)
neg, 0.14185106490048777, female_gender(ajannowicki)
neg, 0.14185106490048777, female_gender(ajohnfinn)
neg, 0.14185106490048777, female_gender(ajohnheard)
neg, 0.14185106490048777, female_gender(ajohnlithgow)
neg, 0.14185106490048777, female_gender(ajrggudzuhn)
neg, 0.14185106490048777, female_gender(ajuliaroberts)
neg, 0.14185106490048777, female_gender(ajustinmonjo)
neg, 0.14185106490048777, female_gender(akirilyanev)
neg, 0.14185106490048777, female_gender(akostatsonev)
neg, 0.14185106490048777, female_gender(alarrysontag)
neg, 0.14185106490048777, female_gender(aleonardlansink)
neg, 0.14185106490048777, female_gender(alewissmith)
neg, 0.14185106490048777, female_gender(alloydalan)
neg, 0.14185106490048777, female_gender(aloccorbery)
neg, 0.14185106490048777, female_gender(alucavitrano)
neg, 0.14185106490048777, female_gender(aludwigbriand)
neg, 0.14185106490048777, female_gender(alylelovett)
neg, 0.14185106490048777, female_gender(alyubomirbachvarov)
neg, 0.14185106490048777, female_gender(alyubomirbobchevski)
neg, 0.14185106490048777, female_gender(alyubomirkanev)
neg, 0.14185106490048777, female_gender(amanliosgalambro)
neg, 0.14185106490048777, female_gender(amarccaleb)
neg, 0.14185106490048777, female_gender(amarcocavicchioli)
neg, 0.14185106490048777, female_gender(amarcoleonardi)
neg, 0.14185106490048777, female_gender(amarcospicuglia)
neg, 0.14185106490048777, female_gender(amarkusbker)
neg, 0.14185106490048777, female_gender(amaurizionicolosi)
neg, 0.14185106490048777, female_gender(amaurolenares)
neg, 0.14185106490048777, female_gender(amaxmller)
neg, 0.14185106490048777, female_gender(amichaeldouglas)
neg, 0.14185106490048777, female_gender(amichalbajor)
neg, 0.14185106490048777, female_gender(amiguelferrer)
neg, 0.14185106490048777, female_gender(amikhailmikhajlov)
neg, 0.14185106490048777, female_gender(aneilmaskell)
neg, 0.14185106490048777, female_gender(anelsonpeltz)
neg, 0.14185106490048777, female_gender(anicholaswoodeson)
neg, 0.14185106490048777, female_gender(anikoladadov)
neg, 0.14185106490048777, female_gender(anormanarmour)
neg, 0.14185106490048777, female_gender(apatricejuiff)
neg, 0.14185106490048777, female_gender(apetardespotov)
neg, 0.14185106490048777, female_gender(apetergallagher)
neg, 0.14185106490048777, female_gender(apierrearditi)
neg, 0.14185106490048777, female_gender(arichardegrant)
neg, 0.14185106490048777, female_gender(arobertculp)
neg, 0.14185106490048777, female_gender(asalvatorelazzaro)
neg, 0.14185106490048777, female_gender(asamshepard)
neg, 0.14185106490048777, female_gender(asaromiano)
neg, 0.14185106490048777, female_gender(asavahashamov)
neg, 0.14185106490048777, female_gender(ascottcaan)
neg, 0.14185106490048777, female_gender(asotirmaynolovski)
neg, 0.14185106490048777, female_gender(astancollymore)
neg, 0.14185106490048777, female_gender(astanleyanderson)
neg, 0.14185106490048777, female_gender(astanleytucci)
neg, 0.14185106490048777, female_gender(astefandanailov)
neg, 0.14185106490048777, female_gender(astefanodionisi)
neg, 0.14185106490048777, female_gender(astefanpejchev)
neg, 0.14185106490048777, female_gender(astefanpetrov)
neg, 0.14185106490048777, female_gender(astephentobolowsky)
neg, 0.14185106490048777, female_gender(astevekalfa)
neg, 0.14185106490048777, female_gender(astevekuhn)
neg, 0.14185106490048777, female_gender(astoychomazgalov)
neg, 0.14185106490048777, female_gender(asydneypollack)
neg, 0.14185106490048777, female_gender(aterenceharvey)
neg, 0.14185106490048777, female_gender(athomasstielner)
neg, 0.14185106490048777, female_gender(atimrobbins)
neg, 0.14185106490048777, female_gender(atommikulla)
neg, 0.14185106490048777, female_gender(atonygoldwyn)
neg, 0.14185106490048777, female_gender(atzenokandov)
neg, 0.14185106490048777, female_gender(atzvetolyubrakovski)
neg, 0.14185106490048777, female_gender(aulrichmhe)
neg, 0.14185106490048777, female_gender(avannifois)
neg, 0.14185106490048777, female_gender(aviktordanchenko)
neg, 0.14185106490048777, female_gender(avincentdonofrio)
neg, 0.14185106490048777, female_gender(avincentlecoeur)
neg, 0.14185106490048777, female_gender(avincenzocrivello)
neg, 0.14185106490048777, female_gender(avolkerranisch)
neg, 0.14185106490048777, female_gender(awayneknight)
neg, 0.14185106490048777, female_gender(awilliamatherton)

